_student_id,_Q1,_Q2,_Q3,_Q4,_Q5,_Q6,_Q7,_Q8,_Q9,_QA,_QB,_QC,_QD,_QE,_QF,_QG,_QI,_QJ,_T1,_T2,_gender,_group_id,_game_id,_school_id,_class_id,_class_size,_pre_score,_pre_score_var,_pre_score_loop,_pre_score_condi,_post_score,_post_score_var,_post_score_loop,_post_score_condi,_learning_gains,_learning_gains_loop,_learning_gains_var,_learning_gains_condi,_max_level,_max_progression,_progress_index,_teacher_solicitation,_num_calls
1,E,D,C,D,E,D,D,B,E,,,,,,,,,,14/10/2025 10:58,14/10/2025 11:00,NA,A,8RfZ6hg,BOU,BOU_1_A,29,11.11,1,0,0,0,0,0,0,-11,0,-33,0,3,48,31,1,#N/A
2,D,E,C,E,E,E,C,A,E,,,,,,,,,,14/10/2025 10:49,14/10/2025 10:56,F,A,eXr8PEA,BOU,BOU_1_A,29,11.11,0,1,0,33.33,2,1,0,22,0,66,0,3,28,28.5,2,#N/A
3,D,E,E,D,E,A,C,A,D,,,,,,,,,,14/10/2025 10:48,14/10/2025 10:53,F,A,iFaENtA,BOU,BOU_1_A,29,77.78,2,2,3,55.56,1,1,3,-22,-33,-33,0,4,0,37.5,0,#N/A
5,D,E,C,D,B,A,D,E,D,,,,,,,,,,14/10/2025 10:50,14/10/2025 10:58,M,A,8u4e2F7,BOU,BOU_1_A,29,22.22,0,2,0,44.44,1,1,2,22,-33,33,66,4,10,38.75,0,#N/A
6,D,B,C,D,E,A,A,B,D,,,,,,,,,,14/10/2025 10:49,14/10/2025 10:53,NA,A,Pe67mbr,BOU,BOU_1_A,29,44.44,1,2,1,33.33,1,0,2,-11,-66,0,33,3,36,29.5,1,#N/A
7,D,A,C,D,B,E,B,A,C,,,,,,,,,,14/10/2025 10:49,14/10/2025 10:55,M,A,Xx49JVJ,BOU,BOU_1_A,29,22.22,1,1,0,22.22,2,0,0,0,-33,33,0,3,40,30,2,#N/A
8,D,E,D,D,A,A,B,E,D,,,,,,,,,,14/10/2025 10:48,14/10/2025 10:56,F,A,dSt33nR,BOU,BOU_1_A,29,55.56,1,2,2,66.67,2,2,2,11,0,33,0,3,32,29,2,#N/A
10,D,E,E,D,B,A,A,A,E,,,,,,,,,,14/10/2025 10:52,14/10/2025 10:58,M,A,CQZ8NmB,BOU,BOU_1_A,29,55.56,1,2,2,44.44,1,1,2,-12,-33,0,0,4,80,47.5,2,#N/A
11,D,E,E,D,A,A,A,A,C,,,,,,,,,,14/10/2025 10:48,14/10/2025 10:56,NA,A,sfGvzLA,BOU,BOU_1_A,29,44.44,1,1,2,55.56,1,2,2,12,33,0,0,5,0,50,3,#N/A
12,D,E,E,E,B,A,A,E,D,,,,,,,,,,14/10/2025 10:48,14/10/2025 10:55,NA,A,hYkcJjn,BOU,BOU_1_A,29,44.44,1,1,2,66.67,2,1,3,23,0,33,33,4,10,38.75,2,#N/A
13,C,E,C,C,D,A,E,A,C,,,,,,,,,,14/10/2025 10:49,14/10/2025 10:55,M,A,ENgmxPt,BOU,BOU_1_A,29,22.22,0,2,0,22.22,0,1,1,0,-33,0,33,3,56,32,9,#N/A
14,D,E,C,D,C,A,B,A,D,,,,,,,,,,14/10/2025 10:50,14/10/2025 10:55,M,A,SSD3YqX,BOU,BOU_1_A,29,55.56,2,0,3,55.56,2,1,2,0,33,0,-33,5,0,50,4,#N/A
17,D,E,C,E,A,A,,A,D,,,,,,,,,,14/10/2025 10:49,14/10/2025 10:55,NA,A,7QFcVsk,BOU,BOU_1_A,29,33.33,0,2,1,66.67,2,2,2,34,0,66,33,5,0,50,3,#N/A
18,D,E,B,B,E,C,A,A,C,,,,,,,,,,14/10/2025 10:49,14/10/2025 10:56,F,A,cUjpKiJ,BOU,BOU_1_A,29,33.33,1,1,1,22.22,1,1,0,-11,0,0,-33,4,20,40,0,#N/A
19,D,E,E,D,C,A,B,B,D,,,,,,,,,,14/10/2025 10:48,14/10/2025 10:55,NA,A,rYt3SC4,BOU,BOU_1_A,29,33.33,1,2,0,66.67,2,1,3,34,-33,33,100,3,28,28.5,0,#N/A
21,D,E,C,A,A,A,D,D,E,,,,,,,,,,14/10/2025 10:49,14/10/2025 10:55,F,A,Zh4E6y6,BOU,BOU_1_A,29,44.44,1,3,0,55.56,1,3,1,12,0,0,33,4,0,37.5,2,#N/A
22,D,E,E,D,E,A,A,B,D,,,,,,,,,,14/10/2025 10:48,14/10/2025 10:58,M,A,ddCJX43,BOU,BOU_1_A,29,55.56,1,2,2,55.56,1,1,3,0,-33,0,33,5,6,50.75,2,#N/A
23,D,E,C,D,C,A,A,A,D,,,,,,,,,,14/10/2025 10:49,14/10/2025 10:55,F,A,PeBJsq3,BOU,BOU_1_A,29,11.11,1,0,0,44.44,1,1,2,33,33,0,66,3,36,29.5,3,#N/A
24,D,E,C,D,C,C,B,A,C,,,,,,,,,,14/10/2025 10:49,14/10/2025 10:57,M,A,qFzER16,BOU,BOU_1_A,29,33.33,1,2,0,33.33,2,1,0,0,-33,33,0,5,6,50.75,0,#N/A
25,D,E,E,E,A,A,D,A,E,,,,,,,,,,14/10/2025 10:49,14/10/2025 10:57,M,A,gu9qmRU,BOU,BOU_1_A,29,66.67,2,2,2,66.67,2,2,2,0,0,0,0,6,17,64.625,1,#N/A
26,D,E,E,C,A,B,D,A,E,,,,,,,,,,14/10/2025 10:49,14/10/2025 10:54,M,A,zutELnn,BOU,BOU_1_A,29,33.33,0,2,1,44.44,1,2,1,11,0,33,0,5,0,50,3,#N/A
27,D,E,C,D,D,D,A,A,D,,,,,,,,,,14/10/2025 10:49,14/10/2025 10:56,M,A,6nHDjww,BOU,BOU_1_A,29,44.44,1,2,1,33.33,1,1,1,-11,-33,0,0,6,0,62.5,3,#N/A
28,D,E,E,E,A,A,B,A,D,,,,,,,,,,14/10/2025 10:48,14/10/2025 10:54,F,A,p8qLZd7,BOU,BOU_1_A,29,44.44,1,1,2,88.89,3,2,3,45,33,66,33,5,29,53.625,1,#N/A
30,D,E,E,D,A,A,B,A,D,,,,,,,,,,14/10/2025 10:49,14/10/2025 10:55,NA,A,xBR3GQf,BOU,BOU_1_A,29,44.44,2,0,2,77.78,2,2,3,34,66,0,33,4,0,37.5,1,#N/A
31,D,E,E,D,A,A,B,E,D,,,,,,,,,,14/10/2025 10:49,14/10/2025 10:55,F,A,3juU4tY,BOU,BOU_1_A,29,66.67,1,2,3,77.78,2,2,3,11,0,33,0,8,0,87.5,2,#N/A
32,D,E,D,E,A,A,D,C,E,,,,,,,,,,14/10/2025 10:49,14/10/2025 10:55,F,A,dfs6ZJu,BOU,BOU_1_A,29,33.33,1,1,1,55.56,2,2,1,23,33,33,0,7,5,75.625,4,#N/A
33,D,E,B,E,,B,A,A,C,,,,,,,,,,14/10/2025 10:51,14/10/2025 10:57,M,A,H2YLnqj,BOU,BOU_1_A,29,66.67,2,2,2,33.33,2,1,0,-34,-33,0,-66,7,14,76.75,8,#N/A
35,D,E,A,D,B,C,B,B,A,,,,,,,,,,14/10/2025 10:49,14/10/2025 10:53,F,A,ys2Rrqf,BOU,BOU_1_A,29,33.33,1,2,0,33.33,2,1,0,0,-33,33,0,7,26,78.25,4,#N/A
36,D,E,E,E,C,A,D,A,D,,,,,,,,,,14/10/2025 10:50,14/10/2025 10:57,M,A,qwT6WCs,BOU,BOU_1_A,29,66.67,2,2,2,66.67,2,1,3,0,-33,0,33,4,20,40,1,#N/A
41,D,E,E,E,A,A,B,A,D,70,70,50,45,85,"oiseau, boucle for",variable,,,15/10/2025 09:36,15/10/2025 09:48,F,B,J6davsE,BOU,BOU_2_B,27,55.56,2,3,0,88.89,3,2,3,33,-33,33,100,6,8,63.5,1,5
42,D,E,E,E,A,A,A,E,E,80,85,88,75,45,sa me donnait les réponses,des fois il me disait n'importe quoi,,,15/10/2025 09:37,15/10/2025 09:45,F,B,FPJCjd3,BOU,BOU_2_B,27,44.44,1,2,1,66.67,2,2,2,23,0,33,33,8,100,100,1,54
43,D,E,E,D,A,B,,E,D,73,76,91,57,61,les explications ,,,,15/10/2025 09:37,15/10/2025 09:46,F,B,Arxwr9G,BOU,BOU_2_B,27,44.44,1,1,2,55.56,1,2,2,12,33,0,0,7,14,76.75,3,56
44,D,E,D,D,A,B,B,A,D,60,55,50,60,70,,,,,15/10/2025 09:37,15/10/2025 09:47,NA,B,uM8NmNh,BOU,BOU_2_B,27,44.44,2,2,0,55.56,2,2,1,12,0,0,33,5,29,53.625,0,15
46,D,E,E,D,A,C,A,E,D,70,40,70,30,1,Il essaye de nous aprendre,il fait trop d'erreur sur certain niveau,,,15/10/2025 09:36,15/10/2025 09:45,M,B,CmQ3bi3,BOU,BOU_2_B,27,44.44,1,1,2,55.56,1,2,2,12,33,0,0,8,100,100,0,36
47,D,E,E,E,A,A,B,E,D,33,65,61,80,100,Elles débloquent quand on est coincés,"Ils faut vraiment comprendre pour qu'elles aident vraiment, et les explications ne sont pas forcement intuitives",,,15/10/2025 09:37,15/10/2025 09:45,F,B,rVUtbKs,BOU,BOU_2_B,27,77.78,2,2,3,88.89,3,2,3,11,0,33,0,8,100,100,0,8
48,D,E,E,E,A,A,B,A,,76,88,68,92,79,je pouvais bien comprendre grâce aux exemples,pas assez d'exemples,,,15/10/2025 09:37,15/10/2025 09:49,M,B,hFREZ2d,BOU,BOU_2_B,27,44.44,1,2,1,77.78,3,2,2,34,0,66,33,6,25,65.625,0,17
49,D,A,E,D,D,A,A,A,A,27,79,100,68,40,qu'on nous apprenne le codage informatique ,l'intelligence artificielle n'est pas très précis,,,15/10/2025 09:37,15/10/2025 09:45,M,B,HvEZmBm,BOU,BOU_2_B,27,33.33,2,1,0,33.33,1,0,2,0,-33,-33,66,4,50,43.75,5,17
51,D,B,C,D,A,D,C,B,D,100,100,82,65,100,reponse rapide,je sais pas,,,15/10/2025 09:38,15/10/2025 09:48,M,B,aBxXFta,BOU,BOU_2_B,27,22.22,1,1,0,33.33,1,1,1,11,0,0,33,3,20,27.5,1,12
52,D,E,E,D,C,A,B,A,D,60,75,90,67,51,ils montrent avec des images comment faire si on bloque ou ce que l'on doit corriger,se repetent  quand ils ne comprenent pas notre probleme,,,15/10/2025 09:37,15/10/2025 09:50,F,B,CCbUYFz,BOU,BOU_2_B,27,44.44,0,1,3,66.67,2,1,3,23,0,66,0,6,33,66.625,1,21
56,E,E,D,E,A,B,B,B,D,93,93,100,100,100,,,,,15/10/2025 09:37,15/10/2025 09:49,NA,B,cMC1A7b,BOU,BOU_2_B,27,11.11,0,1,0,55.56,2,2,1,45,33,66,33,5,65,58.125,1,16
57,D,E,C,A,D,B,C,E,A,99,98,97,100,100,les règles du jeu et le corbeaux,,,,15/10/2025 09:38,15/10/2025 09:47,NA,B,cxnpuAg,BOU,BOU_2_B,27,22.22,0,2,0,22.22,1,1,0,0,-33,33,0,6,33,66.625,0,42
58,D,E,C,D,D,C,B,A,C,75,60,70,75,69,le fait que l'aide réponde vite, le fait que les aides ne formule pas trop bien les phrases,,,15/10/2025 09:38,15/10/2025 09:48,M,B,fu46Vr2,BOU,BOU_2_B,27,33.33,0,2,1,33.33,2,1,0,0,-33,66,-33,3,24,28,0,15
60,D,E,E,E,C,A,B,A,D,80,80,60,69,100,Utile souvent disponible. Les images sont très utile.,Parfois pas très clair.,,,15/10/2025 09:37,15/10/2025 09:50,M,B,tTYLjcq,BOU,BOU_2_B,27,77.78,3,2,2,77.78,3,1,3,0,-33,0,33,5,12,51.5,0,19
61,D,C,C,E,A,A,B,E,D,70,40,80,50,90,claires et compréhensives,précision,,,15/10/2025 09:37,15/10/2025 09:46,F,B,RntzaVJ,BOU,BOU_2_B,27,55.56,2,1,2,66.67,3,1,2,11,0,33,0,5,47,55.875,0,13
62,A,A,E,A,A,A,E,B,C,85,90,90,70,100,je trouve que les détails facilitent la compréhension,la difficulté qui augmente à chaque niveaux ,,,15/10/2025 09:38,15/10/2025 09:46,F,B,xDvJGMG,BOU,BOU_2_B,27,44.44,1,1,2,33.33,0,1,2,-11,0,-33,0,6,33,66.625,1,20
63,D,E,E,E,A,C,A,E,E,75,100,80,85,95,apprendre python,redonne les meme reponses,,,15/10/2025 09:37,15/10/2025 09:43,M,B,PuDNWgY,BOU,BOU_2_B,27,66.67,2,2,2,55.56,2,2,1,-11,0,0,-33,8,100,100,3,11
64,D,E,E,D,C,D,B,C,C,69,80,100,40,100,le gameplay,je ne sais pas,,,15/10/2025 09:37,15/10/2025 09:45,M,B,p6UCEdQ,BOU,BOU_2_B,27,33.33,1,1,1,44.44,2,1,1,11,0,33,0,8,100,100,0,23
66,D,E,E,E,B,A,A,A,D,51,60,28,26,65,l'aide est correcte et le jeu pas mal ,des fois un peu dur et trop long ,,,15/10/2025 09:36,15/10/2025 09:46,F,B,AyVKNE4,BOU,BOU_2_B,27,33.33,0,2,1,66.67,2,1,3,34,-33,66,66,4,40,42.5,1,7
68,D,E,C,D,A,C,B,A,E,65,80,100,20,90,j'ai bien aimé car elles nous aident à avancer,elles sont un peu dures à comprendre,,,15/10/2025 09:37,15/10/2025 09:46,F,B,PMcjY1u,BOU,BOU_2_B,27,22.22,1,1,0,44.44,2,2,0,22,33,33,0,4,10,38.75,3,9
70,D,E,C,E,C,B,A,E,C,63,70,78,89,43,,,,,15/10/2025 09:36,15/10/2025 09:45,NA,B,guH7Ye8,BOU,BOU_2_B,27,22.22,0,2,0,33.33,2,1,0,11,-33,66,0,6,100,75,2,43
71,D,E,E,E,C,D,B,E,C,63,100,100,100,35,"le site en sois, car c'est une bonne maniére d'apprendere le language python",rien,,,15/10/2025 09:37,15/10/2025 09:44,M,B,SzebmX3,BOU,BOU_2_B,27,66.67,2,1,3,55.56,3,1,1,-11,0,33,-66,8,100,100,0,24
72,D,E,E,E,C,A,A,B,D,67,67,41,67,67,explication net,prend du temps a charger,,,15/10/2025 09:38,15/10/2025 09:45,M,B,7Kq3hhp,BOU,BOU_2_B,27,88.89,2,3,3,66.67,2,1,3,-22,-66,0,0,8,100,100,0,30
73,A,E,C,D,E,D,B,B,B,82,68,100,69,35,"Les mots simples et faciles à comprendre, de plus il détecte exactement ou se trouve le problème   ",Cela nous donne pas toujours de bonne réponse,,,15/10/2025 09:37,15/10/2025 09:48,F,B,1y9zZYa,BOU,BOU_2_B,27,22.22,0,1,1,22.22,1,1,0,0,0,33,-33,5,0,50,5,7
74,D,A,E,D,C,A,A,A,D,50,80,90,60,100,les réponses sont facile à comprendre,on nous donne qu'une solutions alors qu'on peut en utiliser plus,,,15/10/2025 09:37,15/10/2025 09:49,F,B,W7Rp7uy,BOU,BOU_2_B,27,33.33,0,2,1,44.44,1,0,3,11,-66,33,66,4,0,37.5,1,5
75,D,E,E,E,A,A,B,E,D,80,60,30,100,90,remarques positives,je sais pas,,,15/10/2025 09:38,15/10/2025 09:51,NA,B,PnMK39E,BOU,BOU_2_B,27,66.67,2,2,2,88.89,3,2,3,22,0,33,33,7,14,76.75,3,12
76,D,E,E,E,A,A,B,E,D,95,80,80,70,90,nous apprendre par un jeu,rien,,,15/10/2025 09:36,15/10/2025 09:48,M,B,Zci2BpV,BOU,BOU_2_B,27,66.67,2,2,2,88.89,3,2,3,22,0,33,33,8,100,100,0,0
81,D,C,E,D,B,A,B,A,D,60,55,49,54,35,Le perroquet nous guide,il prend du temps a repondre,,,15/10/2025 12:44,15/10/2025 12:52,NA,B,j8mFqxs,BOU,BOU_3_B,31,55.56,1,2,2,55.56,2,0,3,0,-66,33,33,8,100,100,1,50
82,D,E,E,D,A,B,B,A,D,30,38,39,35,38,,,,,15/10/2025 12:45,15/10/2025 12:54,M,B,GLLtefW,BOU,BOU_3_B,31,44.44,1,1,2,66.67,2,2,2,23,33,33,0,5,82,60.25,1,3
83,D,A,E,E,B,A,A,A,D,100,100,61,100,100,la simplicité,rien,,,15/10/2025 12:45,15/10/2025 12:53,M,B,DTVfpyg,BOU,BOU_3_B,31,33.33,1,1,1,55.56,2,0,3,23,-33,33,66,5,71,58.875,1,16
84,D,E,E,D,A,B,E,E,D,100,100,0,0,100,réponse,rien,,,15/10/2025 12:44,15/10/2025 12:52,F,B,cjEANz8,BOU,BOU_3_B,31,22.22,0,1,1,55.56,1,2,2,34,33,33,33,7,7,75.875,0,32
85,D,E,E,B,D,A,D,E,D,56,65,100,50,50,parfois trés bien détailées,parfois trés mal détaillées,,,15/10/2025 12:44,15/10/2025 12:55,F,B,Q4rB1rg,BOU,BOU_3_B,31,33.33,1,1,1,55.56,1,1,3,23,0,0,66,5,12,51.5,4,24
86,D,E,E,E,A,C,B,A,B,47,55,55,64,67,intelligence artificielle,format pour enfant,,,15/10/2025 12:44,15/10/2025 12:50,M,B,prKhgDv,BOU,BOU_3_B,31,77.78,2,3,2,66.67,3,2,1,-11,-33,33,-33,4,30,41.25,0,9
88,D,E,B,E,C,A,C,E,E,50,50,50,50,50,RIEN,TOUT,,,15/10/2025 12:45,15/10/2025 12:54,F,B,n5qajKd,BOU,BOU_3_B,31,44.44,2,1,1,44.44,2,1,1,0,0,0,0,3,36,29.5,2,4
89,B,D,A,C,B,B,B,E,A,67,4,100,0,100,pyrates,aucun,,,15/10/2025 12:45,15/10/2025 12:52,M,B,XdF1dSM,BOU,BOU_3_B,31,22.22,1,0,1,11.11,1,0,0,-11,0,0,-33,3,24,28,2,8
91,D,E,E,D,C,A,E,E,D,80,60,54,40,40,les indices,la formulation de la phrase,,,15/10/2025 12:45,15/10/2025 12:56,M,B,qgNp8gw,BOU,BOU_3_B,31,33.33,1,1,1,55.56,1,1,3,23,0,0,66,5,29,53.625,0,12
92,D,E,E,E,A,B,B,E,D,55,56,52,55,51,g tt compris au bout d'un moment,le boug ecrivait comme Victor Hugo lv ct bad long a lire,,,15/10/2025 12:45,15/10/2025 12:55,O,B,CDMMmNw,BOU,BOU_3_B,31,66.67,2,2,2,77.78,3,2,2,11,0,33,0,7,0,75,2,8
93,D,E,E,E,A,A,B,E,D,91,74,80,70,100,elles nous donnaient assez d'indices pour qu'on comprenne et qu'on sache utiliser les outils pythons,je pense que le temps de fonctionnement est assez long des fois,,,15/10/2025 12:44,15/10/2025 12:54,M,B,sSB7JBV,BOU,BOU_3_B,31,77.78,2,2,3,88.89,3,2,3,11,0,33,0,7,0,75,1,7
94,D,E,E,D,A,A,B,E,D,100,81,100,75,65,elles expliquent et nous guide grace a cela on peut apprendre,elle fait des faute et parfois je comprend pas ce qu elle dit,,,15/10/2025 12:45,15/10/2025 12:55,M,B,e42R9BV,BOU,BOU_3_B,31,44.44,1,2,1,77.78,2,2,3,34,0,33,66,7,5,75.625,0,33
95,D,D,C,D,B,D,E,A,D,17,4,0,19,14,,il ne donne pas toujours les bonnes aides et beaucoup de temps de charges ,,,15/10/2025 12:45,15/10/2025 12:52,M,B,1hGqtuY,BOU,BOU_3_B,31,44.44,1,1,2,22.22,1,0,1,-22,-33,0,-33,8,0,87.5,0,27
96,D,E,C,D,B,E,A,A,E,80,76,90,50,70,il donne les réponses,trop d'information,,,15/10/2025 12:45,15/10/2025 12:50,F,B,MQeM7gq,BOU,BOU_3_B,31,22.22,1,1,0,22.22,1,1,0,0,0,0,0,5,0,50,2,22
97,D,E,E,B,A,A,B,E,D,65,86,78,57,52,L'aide,La diffuculté,,,15/10/2025 12:44,15/10/2025 12:55,F,B,VZQ6XnQ,BOU,BOU_3_B,31,55.56,1,2,2,77.78,2,2,3,22,0,33,33,5,29,53.625,0,11
98,C,B,C,C,A,B,C,C,A,74,47,100,80,77,les aides sont tres claires,,,,15/10/2025 12:45,15/10/2025 12:55,F,B,acTX6Nf,BOU,BOU_3_B,31,44.44,1,2,1,11.11,0,1,0,-33,-33,-33,-33,3,56,32,12,6
99,D,E,C,D,C,D,B,A,A,0,26,49,0,64,rien,l'aide,,,15/10/2025 12:44,15/10/2025 12:53,M,B,GAnpFJy,BOU,BOU_3_B,31,11.11,1,0,0,33.33,2,1,0,22,33,33,0,8,0,87.5,0,18
100,D,D,E,E,C,A,E,B,D,65,80,65,70,100,ça m'a aider à progresser,les réponses prennent du temps à charger,,,15/10/2025 12:44,15/10/2025 12:56,M,B,VBJHtCU,BOU,BOU_3_B,31,55.56,0,2,3,55.56,2,0,3,0,-66,66,0,5,47,55.875,1,9
101,D,A,E,D,D,D,B,A,D,26,38,0,82,54,lorsque les réponse sont directement dites,perroquet trop lent,,,15/10/2025 12:44,15/10/2025 12:53,O,B,FhT62Vf,BOU,BOU_3_B,31,33.33,1,0,2,44.44,2,0,2,11,0,33,0,4,80,47.5,8,22
102,D,E,E,D,A,A,B,A,C,30,28,100,0,50,ça pouvait etre utile,compliqué à comprendre et ne me dit pas forcément mes erreurs faites,,,15/10/2025 12:44,15/10/2025 12:54,F,B,KQn5X5q,BOU,BOU_3_B,31,22.22,1,0,1,66.67,2,2,2,45,66,33,33,5,47,55.875,0,14
103,D,A,E,D,A,B,A,A,D,83,73,72,50,45,,,,,15/10/2025 12:44,15/10/2025 12:51,NA,B,byCcupD,BOU,BOU_3_B,31,22.22,0,2,0,44.44,1,1,2,22,-33,33,66,4,40,42.5,0,5
104,D,E,C,E,A,A,B,A,D,80,100,70,100,75,sa interagie avec nos erreurs en temps réel,parfois il ne répondais pas bien ,,,15/10/2025 12:44,15/10/2025 12:55,M,B,9NeYms9,BOU,BOU_3_B,31,66.67,2,3,1,77.78,3,2,2,11,-33,33,33,8,0,87.5,2,12
106,D,D,D,D,A,B,A,A,A,100,100,81,100,100,,,,,15/10/2025 12:44,15/10/2025 12:54,M,B,HGYW1j3,BOU,BOU_3_B,31,22.22,1,1,0,22.22,1,1,0,0,0,0,0,6,17,64.625,0,22
107,D,E,E,D,A,D,E,A,D,100,70,80,100,45,qu'ils donnent les réponse devant nos incompréhensions,il met beaucoup de temps à charger,,,15/10/2025 12:46,15/10/2025 12:52,F,B,ePVeTSE,BOU,BOU_3_B,31,22.22,1,1,0,55.56,1,2,2,34,33,0,66,8,0,87.5,0,36
109,D,E,E,D,B,B,A,A,D,65,61,50,70,60,Le perroquet qui aide ,Les instructions pas toujours clair,,,15/10/2025 12:44,15/10/2025 12:56,F,B,MDkV1LG,BOU,BOU_3_B,31,44.44,1,2,1,44.44,1,1,2,0,-33,0,33,4,30,41.25,0,24
110,B,A,C,A,E,B,D,E,C,60,40,84,40,40,rien,rien,,,15/10/2025 12:45,15/10/2025 12:51,F,B,v2nLhC4,BOU,BOU_3_B,31,0,0,0,0,0,0,0,0,0,0,0,0,3,28,28.5,10,16
111,D,E,C,,C,B,A,A,D,49,49,60,48,45,il sait tout de suite ton problème,pas tout le temps claire ,,,15/10/2025 12:44,15/10/2025 12:56,F,B,39n6bvR,BOU,BOU_3_B,31,33.33,1,2,0,33.33,1,1,1,0,-33,0,33,3,68,33.5,1,10
112,D,E,C,D,C,B,E,A,D,70,80,80,90,100,Précis,demande de la réflexion,,,15/10/2025 12:44,15/10/2025 12:56,F,B,esMZa32,BOU,BOU_3_B,31,33.33,1,2,0,33.33,1,1,1,0,-33,0,33,5,29,53.625,0,29
113,D,E,E,D,A,A,B,A,D,80,100,100,35,70,je sais pas,qu'il dise ce qu'on a déjà fait,,,15/10/2025 12:44,15/10/2025 12:54,M,B,3ths5yR,BOU,BOU_3_B,31,77.78,2,2,3,77.78,2,2,3,0,0,0,0,8,0,87.5,0,31
114,D,E,E,E,B,C,A,A,D,65,66,62,70,50,le perroquet qui aide,les instructions pas toujours clair,,,15/10/2025 12:44,15/10/2025 12:56,F,B,r6EBx5p,BOU,BOU_3_B,31,22.22,1,0,1,55.56,2,1,2,34,33,33,33,4,80,47.5,0,25
115,D,E,E,D,A,A,E,E,D,70,55,80,60,65,le perroquet,instruction pas toujours clair,,,15/10/2025 12:44,15/10/2025 12:54,F,B,AA1Uh2b,BOU,BOU_3_B,31,66.67,1,2,3,66.67,1,2,3,0,0,0,0,5,18,52.25,0,16
123,D,E,C,D,B,D,D,E,E,60,30,100,25,80,apprendre a utiliser un nouveau programme informatique ,ne pas comprendre tout le temps ,,,27/10/2025 12:28,27/10/2025 12:37,NA,B,mHWDsbL,STA,STA_1_B,12,11.11,0,1,0,22.22,1,1,0,11,0,33,0,6,0,62.5,0,15
124,A,E,C,C,C,D,A,C,A,13,51,100,81,100,prof,coco,,,27/10/2025 12:28,27/10/2025 12:35,F,B,cBHhF9f,STA,STA_1_B,12,33.33,1,2,0,11.11,0,1,0,-22,-33,-33,0,5,6,50.75,1,4
125,A,E,E,A,A,A,C,C,E,100,58,100,25,100,programmer,les nouvelles formules,,,27/10/2025 12:28,27/10/2025 12:35,M,B,PsRCVfX,STA,STA_1_B,12,33.33,0,1,2,44.44,0,2,2,11,33,0,0,8,9,88.625,4,15
126,D,E,C,D,E,E,A,E,E,82,90,84,32,99,progresser,me tromper,,,27/10/2025 12:28,27/10/2025 12:33,F,B,E2ENvRr,STA,STA_1_B,12,44.44,2,2,0,22.22,1,1,0,-22,-33,-33,0,8,100,100,3,29
127,E,C,C,C,C,D,A,C,D,33,55,2,21,36,coco,ma nultE,,,27/10/2025 12:29,27/10/2025 12:35,F,B,b4cAb8f,STA,STA_1_B,12,33.33,1,2,0,11.11,0,0,1,-22,-66,-33,33,6,8,63.5,5,6
128,D,B,C,B,A,B,A,B,D,67,39,100,100,29,reussir,quand ça marche pas,,,27/10/2025 12:28,27/10/2025 12:33,F,B,a9kUkGM,STA,STA_1_B,12,55.56,1,2,2,33.33,1,1,1,-23,-33,0,-33,8,100,100,3,26
129,D,E,A,C,A,E,B,A,C,45,72,78,56,14,ma _var,rien ,,,27/10/2025 12:28,27/10/2025 12:34,F,B,Adm6D5h,STA,STA_1_B,12,55.56,2,2,1,44.44,2,2,0,-12,0,0,-33,5,47,55.875,2,11
130,D,E,E,A,A,E,C,C,A,20,50,50,38,82,le jeux,coco,,,27/10/2025 12:29,27/10/2025 12:40,O,B,anPebzH,STA,STA_1_B,12,33.33,1,2,0,44.44,1,2,1,11,0,0,33,6,0,62.5,0,8
132,D,E,A,E,C,E,A,C,E,33,67,32,84,15,les enseignants,COCO,,,27/10/2025 12:30,27/10/2025 12:38,M,B,KMHUEfY,STA,STA_1_B,12,33.33,1,1,1,33.33,2,1,0,0,0,33,-33,7,26,78.25,0,7
134,D,E,C,D,B,B,B,A,D,100,50,100,85,88,c'était très clair ,long ,,,27/10/2025 12:28,27/10/2025 12:36,F,B,Db78MkE,STA,STA_1_B,12,55.56,1,3,1,44.44,2,1,1,-12,-66,33,0,5,100,62.5,0,14
135,D,E,C,D,A,D,A,B,E,44,45,61,55,56,c'était utile,il disait des fausses information  ,,,27/10/2025 12:29,27/10/2025 12:41,M,B,T5paQLr,STA,STA_1_B,12,22.22,1,1,0,33.33,1,2,0,11,33,0,0,6,0,62.5,2,3
136,D,E,B,B,D,D,D,B,C,25,47,40,26,35,le peroquet était trop chou,c'était compliqué à déchiffrer,,,27/10/2025 12:29,27/10/2025 12:35,F,B,6iDc21P,STA,STA_1_B,12,11.11,1,0,0,22.22,1,1,0,11,33,0,0,5,0,50,0,5
141,D,E,E,E,A,A,B,E,D,,,,,,,,70,10,31/10/2025 10:34,31/10/2025 10:43,NA,A,MmeWUFy,STA,STA_2_A,13,66.67,1,2,3,88.89,3,2,3,22,0,66,0,8,55,94.375,1,#N/A
142,D,E,D,D,A,A,B,B,A,,,,,,,,60,40,31/10/2025 10:34,31/10/2025 10:41,NA,A,4pGbimB,STA,STA_2_A,13,33.33,0,2,1,55.56,2,2,1,23,0,66,0,8,9,88.625,3,#N/A
143,D,A,B,D,A,C,D,D,D,,,,,,,,67,67,31/10/2025 10:34,31/10/2025 10:40,M,A,h1b9UD1,STA,STA_2_A,13,66.67,1,2,3,44.44,1,2,1,-23,0,0,-66,8,100,100,3,#N/A
144,D,E,E,E,A,A,B,B,D,,,,,,,,65,65,31/10/2025 10:34,31/10/2025 10:41,F,A,aWraDJr,STA,STA_2_A,13,#N/A,#N/A,#N/A,#N/A,88.89,3,2,3,#N/A,#N/A,#N/A,#N/A,5,0,50,4,#N/A
145,D,E,E,D,A,A,B,A,D,,,,,,,,100,100,31/10/2025 10:34,31/10/2025 10:43,F,A,bxb6Xyw,STA,STA_2_A,13,33.33,0,2,1,77.78,2,2,3,45,0,66,66,8,100,100,1,#N/A
146,D,E,D,E,A,A,B,D,D,,,,,,,,60,50,31/10/2025 10:34,31/10/2025 10:40,F,A,6XkWRVi,STA,STA_2_A,13,66.67,1,2,3,88.89,3,3,2,22,33,66,-33,8,9,88.625,2,#N/A
147,B,E,C,D,A,A,E,A,A,,,,,,,,50,83,31/10/2025 10:34,31/10/2025 10:42,F,A,nP5j8Rc,STA,STA_2_A,13,33.33,0,1,2,33.33,0,2,1,0,33,0,-33,4,60,45,2,#N/A
148,D,E,E,E,A,A,E,B,D,,,,,,,,70,60,31/10/2025 10:34,31/10/2025 10:40,F,A,aKFus4E,STA,STA_2_A,13,#N/A,#N/A,#N/A,#N/A,77.78,2,2,3,#N/A,#N/A,#N/A,#N/A,8,9,88.625,0,#N/A
149,D,E,E,B,A,A,A,E,D,,,,,,,,69,86,31/10/2025 10:34,31/10/2025 10:43,F,A,mp965B3,STA,STA_2_A,13,#N/A,#N/A,#N/A,#N/A,66.67,1,2,3,#N/A,#N/A,#N/A,#N/A,8,9,88.625,1,#N/A
150,D,E,C,D,C,A,C,E,D,,,,,,,,44,20,31/10/2025 10:34,31/10/2025 10:43,M,A,QwQbEGy,STA,STA_2_A,13,44.44,0,1,3,44.44,1,1,2,0,0,33,-33,8,100,100,2,#N/A
152,D,E,E,D,C,A,B,E,D,,,,,,,,55,69,31/10/2025 10:34,31/10/2025 10:41,F,A,Bb5wSKE,STA,STA_2_A,13,33.33,0,2,1,66.67,2,1,3,34,-33,66,66,5,0,50,2,#N/A
154,D,E,C,E,B,A,B,A,D,,,,,,,,50,70,31/10/2025 10:34,31/10/2025 10:43,F,A,XE7zt3k,STA,STA_2_A,13,55.56,2,2,1,66.67,3,1,2,11,-33,33,33,8,0,87.5,2,#N/A
155,A,E,E,A,A,B,E,B,E,,,,,,,,0,100,31/10/2025 10:34,31/10/2025 10:43,NA,A,Hfcka3u,STA,STA_2_A,13,22.22,0,2,0,33.33,0,2,1,11,0,0,33,4,20,40,2,#N/A
332,D,E,E,E,C,A,B,E,D,86,32,82,51,100,la facilité à comprendre,rien,,,03/12/2025 09:36,03/12/2025 09:47,M,B,NHH1mvK,LJS,LJS_1_B,26,66.67,1,2,3,77.78,3,1,3,11,-33,66,0,8,100,100,0,2
335,D,E,E,E,A,A,A,B,B,100,100,100,76,97,ca nous aide,c'est des fois pas tres clair,,,03/12/2025 09:36,03/12/2025 09:46,F,B,KHmqQwy,LJS,LJS_1_B,26,66.67,2,2,2,66.67,2,2,2,0,0,0,0,4,0,37.5,0,8
336,D,E,E,D,A,A,B,D,D,76,100,70,100,100,Facilité à comprendre,,,,03/12/2025 09:37,03/12/2025 09:43,M,B,FS182KA,LJS,LJS_1_B,26,66.67,1,2,3,88.89,2,3,3,22,33,33,0,8,100,100,0,14
337,D,E,E,D,A,A,B,A,D,90,52,83,59,46,,,,,03/12/2025 09:37,03/12/2025 09:46,F,B,mVN8M7L,LJS,LJS_1_B,26,55.56,1,2,2,77.78,2,2,3,22,0,33,33,8,100,100,0,19
338,D,E,B,D,A,B,A,D,D,70,80,100,69,49,On nous explique les étapes que nous avons réussi,C'est pas assez précis,,,03/12/2025 09:36,03/12/2025 09:47,F,B,SaFEHzh,LJS,LJS_1_B,26,44.44,1,2,1,55.56,1,3,1,12,33,0,0,5,18,52.25,1,2
341,D,E,E,C,A,A,C,B,B,92,100,61,81,100,sa permet de pas bloquer,rien !,,,03/12/2025 09:36,03/12/2025 09:45,F,B,f9CVMzw,LJS,LJS_1_B,26,55.56,2,2,1,55.56,1,2,2,0,0,-33,33,4,30,41.25,0,10
342,D,E,E,E,A,A,B,E,D,90,70,50,60,70,,,,,03/12/2025 09:36,03/12/2025 09:50,F,B,7mznE89,LJS,LJS_1_B,26,66.67,2,2,2,88.89,3,2,3,22,0,33,33,8,91,98.875,0,4
343,D,E,B,E,C,A,B,A,D,16,37,80,58,87,le jeu,la difficulté de certains niveaux,,,03/12/2025 09:36,03/12/2025 09:47,M,B,Rbw7mLf,LJS,LJS_1_B,26,33.33,1,0,2,66.67,3,1,2,34,33,66,0,5,0,50,1,0
344,D,E,E,E,A,A,B,E,D,21,27,62,51,83,"Lorsqu'elles étaient clairs, j'ai pu avancer facilement dans le jeu.",Lorsqu'elles n'étaient pas clairs et qu'elles n'aidaient donc pas vraiment.,,,03/12/2025 09:36,03/12/2025 09:45,F,B,CVtd56h,LJS,LJS_1_B,26,55.56,1,2,2,88.89,3,2,3,33,0,66,33,6,0,62.5,3,6
346,D,,D,E,A,D,A,A,A,49,90,95,99,100,"Les aides,et le côté loisir du jeux",,,,03/12/2025 09:38,03/12/2025 09:50,F,B,L9cGdeG,LJS,LJS_1_B,26,33.33,1,1,1,33.33,2,1,0,0,0,33,-33,4,20,40,1,21
347,D,E,E,E,C,A,B,A,D,80,70,80,70,100,explications simples,rien,,,03/12/2025 09:37,03/12/2025 09:49,F,B,d1guUK9,LJS,LJS_1_B,26,77.78,2,2,3,77.78,3,1,3,0,-33,33,0,7,14,76.75,0,27
349,D,E,D,E,A,A,C,C,D,100,100,100,0,100,il est sérieux,il parle français,,,03/12/2025 09:37,03/12/2025 09:43,M,B,k18if8F,LJS,LJS_1_B,26,33.33,1,2,0,66.67,2,2,2,34,0,33,66,7,26,78.25,1,3
350,D,E,E,E,A,A,B,B,D,85,80,76,95,100,,,,,03/12/2025 09:36,03/12/2025 09:48,F,B,Cb8yGv3,LJS,LJS_1_B,26,55.56,2,2,1,88.89,3,2,3,33,0,33,66,8,9,88.625,0,16
351,D,E,E,D,A,C,,B,D,,,,,,,,64,59,03/12/2025 09:37,03/12/2025 09:47,NA,A,sfQak2Q,LJS,LJS_2_A,26,33.33,1,1,1,55.56,1,2,2,23,33,0,33,5,29,53.625,0,#N/A
354,D,E,E,D,A,A,A,A,D,,,,,,,,70,80,03/12/2025 09:36,03/12/2025 09:43,F,A,qyJAHJS,LJS,LJS_2_A,26,55.56,1,2,2,66.67,1,2,3,11,0,0,33,5,0,50,2,#N/A
356,D,E,E,E,A,A,B,B,D,,,,,,,,60,60,03/12/2025 09:38,03/12/2025 09:44,M,A,pjahSrM,LJS,LJS_2_A,26,44.44,1,1,2,88.89,3,2,3,45,33,66,33,5,12,51.5,1,#N/A
357,D,E,B,D,A,A,A,A,D,,,,,,,,30,77,03/12/2025 09:36,03/12/2025 09:46,F,A,e5wqMLP,LJS,LJS_2_A,26,55.56,2,2,1,55.56,1,2,2,0,0,-33,33,5,12,51.5,0,#N/A
360,D,,,E,,,,A,A,,,,,,,,44,65,03/12/2025 09:36,03/12/2025 09:42,F,A,fXrKa4r,LJS,LJS_2_A,26,#N/A,#N/A,#N/A,#N/A,22.22,2,0,0,#N/A,#N/A,#N/A,#N/A,6,0,62.5,5,#N/A
361,D,E,D,D,A,A,B,A,C,,,,,,,,70,100,03/12/2025 09:36,03/12/2025 09:44,F,A,1ti3NXj,LJS,LJS_2_A,26,#N/A,#N/A,#N/A,#N/A,55.56,2,2,1,#N/A,#N/A,#N/A,#N/A,6,33,66.625,1,#N/A
362,D,E,D,D,A,D,B,B,A,,,,,,,,80,49,03/12/2025 09:36,03/12/2025 09:46,F,A,Pu9T7qe,LJS,LJS_2_A,26,33.33,1,2,0,44.44,2,2,0,11,0,33,0,7,24,78,1,#N/A
364,D,E,E,E,A,A,B,B,C,,,,,,,,91,56,03/12/2025 09:36,03/12/2025 09:47,F,A,eRhKLJR,LJS,LJS_2_A,26,66.67,2,2,2,77.78,3,2,2,11,0,33,0,8,91,98.875,0,#N/A
365,D,E,E,E,C,A,B,E,D,,,,,,,,100,22,03/12/2025 09:36,03/12/2025 09:44,M,A,gjb3HpS,LJS,LJS_2_A,26,55.56,2,1,2,77.78,3,1,3,22,0,33,33,4,40,42.5,2,#N/A
366,D,E,E,D,C,A,B,E,A,,,,,,,,100,100,03/12/2025 09:36,03/12/2025 09:45,M,A,GX6CLq1,LJS,LJS_2_A,26,44.44,1,2,1,55.56,2,1,2,12,-33,33,33,6,17,64.625,2,#N/A
367,D,E,E,E,A,A,B,A,D,,,,,,,,100,68,03/12/2025 09:35,03/12/2025 09:46,F,A,idUGd5R,LJS,LJS_2_A,26,66.67,2,2,2,88.89,3,2,3,22,0,33,33,7,38,79.75,3,#N/A
368,D,E,E,D,C,A,B,A,D,,,,,,,,100,0,03/12/2025 09:36,03/12/2025 09:45,M,A,pDdaB5G,LJS,LJS_2_A,26,33.33,1,1,1,66.67,2,1,3,34,0,33,66,6,17,64.625,0,#N/A
371,D,E,E,E,A,A,B,D,D,0,0,50,50,50,Je ne l'ai pas utilisé,Je ne l'ai pas utilisé,,,04/12/2025 09:30,04/12/2025 09:40,O,C,SfUxmkD,LJS,LJS_3_C,32,88.89,2,3,3,100,3,3,3,11,0,33,0,8,100,100,0,0
372,D,E,E,E,A,A,B,E,D,90,90,70,65,90,elle répondait à mes besoins,je ne comprenais pas tout,,,04/12/2025 09:32,04/12/2025 09:42,F,C,KAHbLAw,LJS,LJS_3_C,32,66.67,3,2,1,88.89,3,2,3,22,0,0,66,5,12,51.5,0,11
373,D,E,C,D,C,A,A,A,D,50,50,50,50,49,coco,pas trop clair,,,04/12/2025 09:31,04/12/2025 09:42,M,C,zczudq1,LJS,LJS_3_C,32,44.44,1,2,1,44.44,1,1,2,0,-33,0,33,6,0,62.5,1,2
374,D,E,E,E,A,A,A,A,D,60,51,51,52,92,chosir entre Jack et Michel,on pouvais pas prendre les deux....:(,,,04/12/2025 09:32,04/12/2025 09:45,F,C,v95xW3Y,LJS,LJS_3_C,32,44.44,1,2,1,77.78,2,2,3,34,0,33,66,8,100,100,0,2
375,D,E,E,E,C,A,B,A,D,80,80,20,60,99,,,,,04/12/2025 09:31,04/12/2025 09:43,M,C,Myxvk7Z,LJS,LJS_3_C,32,66.67,2,2,2,77.78,3,1,3,11,-33,33,33,7,5,75.625,0,2
376,D,E,E,D,C,A,A,A,C,95,63,52,72,44,coco,coco,,,04/12/2025 09:32,04/12/2025 09:41,F,C,tC22JmR,LJS,LJS_3_C,32,66.67,1,2,3,44.44,1,1,2,-23,-33,0,-33,4,0,37.5,0,6
377,D,E,E,E,D,A,A,A,D,90,90,60,50,100,elles m'ont permis de terminer plusieurs niveau,"au début, ça marchait pas",,,04/12/2025 09:30,04/12/2025 09:39,M,C,GuZHZMu,LJS,LJS_3_C,32,66.67,2,2,2,66.67,2,1,3,0,-33,0,33,8,0,87.5,0,2
378,D,E,E,D,A,A,A,B,D,67,67,67,67,67,coder,coco le perroquet,,,04/12/2025 09:30,04/12/2025 09:38,M,C,bDAKEwB,LJS,LJS_3_C,32,55.56,2,1,2,66.67,1,2,3,11,33,-33,33,5,12,51.5,0,1
379,D,E,D,D,A,,,B,D,10,67,53,84,100,coco le perroquet,Janne la pirate ,,,04/12/2025 09:35,04/12/2025 09:40,M,C,ZUt47cy,LJS,LJS_3_C,32,77.78,2,2,3,44.44,1,2,1,-34,0,-33,-66,4,40,42.5,0,0
380,D,E,E,D,E,A,B,A,D,55,65,61,55,80,,,,,04/12/2025 09:32,04/12/2025 09:45,NA,C,weYChqJ,LJS,LJS_3_C,32,66.67,1,2,3,66.67,2,1,3,0,-33,33,0,5,47,55.875,0,28
382,D,E,E,E,A,A,B,D,D,80,80,100,75,100,elles sont très claires,,,,04/12/2025 09:31,04/12/2025 09:37,M,C,BEMp5JP,LJS,LJS_3_C,32,88.89,3,2,3,100,3,3,3,11,33,0,0,8,100,100,0,0
381,D,E,E,D,D,A,A,B,D,25,46,45,56,55,COCO,MARK,,,04/12/2025 09:32,04/12/2025 09:41,O,C,MsDYsvs,LJS,LJS_3_C,32,55.56,1,2,2,55.56,1,1,3,0,-33,0,33,4,0,37.5,4,2
383,D,E,C,D,B,B,A,E,C,67,83,52,43,49,,,,,04/12/2025 09:32,04/12/2025 09:44,NA,C,uzVgc1b,LJS,LJS_3_C,32,33.33,1,2,0,22.22,1,1,0,-11,-33,0,0,4,10,38.75,0,13
384,D,E,C,E,A,A,B,B,D,73,80,92,81,90,les jeux rendent ludique et amusante l'activité,les derniers niveaux,,,04/12/2025 09:32,04/12/2025 09:44,F,C,vM6UPv8,LJS,LJS_3_C,32,33.33,2,1,0,77.78,3,2,2,45,33,33,66,4,30,41.25,0,2
385,D,E,E,E,A,A,B,B,D,67,67,67,33,56,,,,,04/12/2025 09:30,04/12/2025 09:38,M,C,QNAZgEz,LJS,LJS_3_C,32,77.78,2,2,3,88.89,3,2,3,11,0,33,0,4,60,45,0,0
386,D,E,E,D,C,B,B,A,D,51,70,100,51,100,les explications,le suspense,,,04/12/2025 09:31,04/12/2025 09:39,F,C,1wY5pLR,LJS,LJS_3_C,32,55.56,1,2,2,55.56,2,1,2,0,-33,33,0,8,100,100,0,6
391,D,E,C,E,C,A,D,A,D,69,93,70,57,86,les jeux étaient bien faits,la difficulté des derniers niveaux,,,04/12/2025 09:31,04/12/2025 09:43,F,C,2ENnNsR,LJS,LJS_3_C,32,44.44,2,2,0,55.56,2,1,2,12,-33,0,66,6,0,62.5,1,12
392,D,E,E,E,A,A,B,A,D,90,50,100,100,80,amuse en apprenant,je ne sais pas si cela va me servir pour programmer ,,,04/12/2025 09:30,04/12/2025 09:39,M,C,Eh5H9YW,LJS,LJS_3_C,32,66.67,1,2,3,88.89,3,2,3,22,0,66,0,8,100,100,0,27
393,D,E,E,E,C,A,B,A,D,52,100,100,75,50,Permettent de finir le programme plus facilement,Les réponses ne repondent pas forcément à nos questions ,,,04/12/2025 09:31,04/12/2025 09:43,F,C,1FzzNWm,LJS,LJS_3_C,32,66.67,2,2,2,77.78,3,1,3,11,-33,33,33,5,29,53.625,1,17
394,D,E,E,E,D,A,A,E,E,56,64,64,64,66,il ma bien aidé pour finir les niveaux ,il donne des informations correct mais parfois ce n'est pas assez précis,,,04/12/2025 09:30,04/12/2025 09:41,M,C,wk49Atk,LJS,LJS_3_C,32,55.56,1,2,2,55.56,2,1,2,0,-33,33,0,8,9,88.625,3,6
396,D,E,E,D,A,A,A,,E,50,50,50,40,50,,,,,04/12/2025 09:30,04/12/2025 09:41,NA,C,icGxYBf,LJS,LJS_3_C,32,44.44,1,2,1,55.56,1,2,2,12,0,0,33,5,35,54.375,2,12
398,D,E,E,E,A,A,B,A,D,70,50,100,40,80,Qu'elles nous indiquent où aller trouver les variables nécessaires,Le fait qu'elles ne soient pas toujours disponibles,,,04/12/2025 09:31,04/12/2025 09:41,F,C,9zx7LYq,LJS,LJS_3_C,32,44.44,1,1,2,88.89,3,2,3,45,33,66,33,5,12,51.5,1,23
400,D,E,C,E,C,A,D,A,D,80,90,71,65,91,"c'est sous forme de jeux, ça nous pousse à réfléchir ","parfois c'est dur, et pas très clair",,,04/12/2025 09:34,04/12/2025 09:43,F,C,JrdL7n5,LJS,LJS_3_C,32,55.56,2,2,1,55.56,2,1,2,0,-33,0,33,5,0,50,0,16
401,D,E,C,E,A,C,D,B,D,62,78,84,57,39,"très ludique, le jeu donne envie d'apprendre",parfois on reste longtemps bloqué ,,,04/12/2025 09:32,04/12/2025 09:43,F,C,qqyGKF7,LJS,LJS_3_C,32,44.44,2,2,0,55.56,2,2,1,12,0,0,33,6,0,62.5,2,22
402,D,E,E,E,A,A,B,A,D,76,48,68,50,82,,,,,04/12/2025 09:31,04/12/2025 09:41,M,C,yRA6bRD,LJS,LJS_3_C,32,44.44,1,2,1,88.89,3,2,3,45,0,66,66,8,45,93.125,2,14
403,D,E,C,D,C,D,B,E,C,83,78,67,74,91,faire les progra,,,,04/12/2025 09:31,04/12/2025 09:44,NA,C,4a9beA3,LJS,LJS_3_C,32,55.56,2,2,1,33.33,2,1,0,-23,-33,0,-33,4,10,38.75,1,6
404,A,E,E,D,A,B,B,A,A,75,80,85,65,100,,Coco le perroquet n est pas aasez precis dans ses expliquations.,,,04/12/2025 09:30,04/12/2025 09:39,NA,C,a4PDXpj,LJS,LJS_3_C,32,33.33,1,1,1,44.44,1,2,1,11,33,0,0,4,10,38.75,2,22
405,D,C,C,B,A,C,A,A,D,50,50,50,50,50,,,,,04/12/2025 09:32,04/12/2025 09:37,NA,C,8CrH8UQ,LJS,LJS_3_C,32,44.44,2,2,0,33.33,1,1,1,-11,-33,-33,33,5,24,53,1,20
406,D,E,E,E,A,A,A,A,D,70,52,54,80,38,je me suis amusé lors du codage du jeu au cours des différents niveau,j'ai moins apprécie lorsqu'il fallait attendre que le petit personnage devait retourner a la case départ pour recommencer le niveau,,,04/12/2025 09:30,04/12/2025 09:40,M,C,Z6zpbKS,LJS,LJS_3_C,32,77.78,2,2,3,77.78,2,2,3,0,0,0,0,8,9,88.625,7,15
407,D,E,E,E,D,A,A,E,D,80,75,100,100,100,clarté,revenir au début,,,04/12/2025 09:30,04/12/2025 09:43,M,C,Kh7kNCE,LJS,LJS_3_C,32,55.56,1,2,2,66.67,2,1,3,11,-33,33,33,8,18,89.75,2,4
408,D,E,E,E,A,A,B,B,D,95,75,50,50,100,,,,,04/12/2025 09:31,04/12/2025 09:39,M,C,6yHmuL8,LJS,LJS_3_C,32,66.67,2,2,2,88.89,3,2,3,22,0,33,33,8,9,88.625,1,3
409,D,E,E,E,A,A,A,A,D,70,80,95,85,100,chosir entre Jack et l'autre personnage,On pouvait pas choisir les 2 personnages.... :(,,,04/12/2025 09:31,04/12/2025 09:45,M,C,gpwbyum,LJS,LJS_3_C,32,77.78,2,2,3,77.78,2,2,3,0,0,0,0,8,100,100,0,33
358,D,E,E,D,A,A,A,B,A,100,100,61,88,100,leurs explications,rien,,,03/12/2025 09:37,03/12/2025 09:46,NA,A,QryMu4V,LJS,LJS_2_A,26,33.33,1,2,0,55.56,1,2,2,23,0,0,66,4,40,42.5,2,#N/A
162,D,D,C,E,C,D,D,D,B,60,60,60,61,69,c'est l'aide (coco),PARCOURS 3,,,04/12/2025 16:03,04/12/2025 16:15,M,B,i78jhHm,PVA,PVA_1_B,8,#N/A,#N/A,#N/A,#N/A,33.33,2,1,0,#N/A,#N/A,#N/A,#N/A,5,0,50,3,20
164,D,E,E,D,C,A,B,D,A,6,8,60,22,54,rien,pas assez d'explications,,,04/12/2025 16:03,04/12/2025 16:12,F,B,HWfSquy,PVA,PVA_1_B,8,11.11,1,0,0,66.67,2,2,2,56,66,33,66,8,0,87.5,6,6
165,D,E,E,E,A,A,A,E,A,75,48,100,53,51,Copier --> coller,Coco,,,04/12/2025 16:03,04/12/2025 16:14,M,B,2c5K3iE,PVA,PVA_1_B,8,33.33,1,1,1,66.67,2,2,2,34,33,33,33,7,26,78.25,0,3
170,D,E,C,D,C,A,D,A,B,27,66,85,100,60,Elles sont faciles à comprendre. ( Ont comprend notre erreur et on la corrige facilement).,les aides ne sont toujours bénéfices (mauvaises  indications de temps en temps).,,,04/12/2025 16:03,04/12/2025 16:14,M,B,Z2qZM66,PVA,PVA_1_B,8,44.44,1,1,2,33.33,1,1,1,-11,0,0,-33,5,76,59.5,6,16
171,D,E,C,D,A,A,A,B,D,100,100,100,60,25,Les Mémo programmation,,,,04/12/2025 16:04,04/12/2025 16:17,F,B,P3M1jNq,PVA,PVA_1_B,8,55.56,1,2,2,55.56,1,2,2,0,0,0,0,7,100,87.5,3,3
172,D,E,E,D,C,A,A,A,A,55,7,51,52,47,,,,,04/12/2025 16:03,04/12/2025 16:12,F,B,J3Ua1SU,PVA,PVA_1_B,8,11.11,0,1,0,44.44,1,1,2,33,0,33,66,7,0,75,3,3
174,D,E,E,D,A,A,A,E,D,60,80,30,65,60,le faite que ca te laisse beaucoup d'exemple même de choses qu'on n'utilise pas,coco,,,04/12/2025 16:03,04/12/2025 16:12,M,B,5LXXn9g,PVA,PVA_1_B,8,66.67,1,2,3,66.67,1,2,3,0,0,0,0,8,100,100,4,13
175,D,E,C,A,A,A,A,B,E,58,49,69,44,44,,,,,04/12/2025 16:02,04/12/2025 16:13,NA,B,gTZJHvv,PVA,PVA_1_B,8,33.33,0,2,1,44.44,1,2,1,11,0,33,0,7,0,75,3,3
182,D,E,E,B,C,E,B,A,A,,,,,,,,60,90,04/12/2025 17:07,04/12/2025 17:17,M,A,khRVjHK,PVA,PVA_2_A,10,44.44,1,2,1,44.44,2,1,1,0,-33,33,0,8,0,87.5,1,#N/A
183,D,C,E,E,D,C,D,D,B,,,,,,,,55,70,04/12/2025 17:06,04/12/2025 17:13,M,A,2h5eSA9,PVA,PVA_2_A,10,55.56,2,2,1,44.44,2,1,1,-12,-33,0,0,8,9,88.625,2,#N/A
185,D,E,E,D,A,D,,A,,,,,,,,,64,36,04/12/2025 17:08,04/12/2025 17:19,F,A,bDGN8sk,PVA,PVA_2_A,10,33.33,0,2,1,44.44,1,2,1,11,0,33,0,5,12,51.5,2,#N/A
186,D,E,C,D,C,B,A,A,E,,,,,,,,65,17,04/12/2025 17:09,04/12/2025 17:19,F,A,GCxMbMp,PVA,PVA_2_A,10,44.44,1,1,2,22.22,1,1,0,-22,0,0,-66,5,100,62.5,2,#N/A
188,D,E,C,D,E,B,B,B,D,,,,,,,,40,75,04/12/2025 17:08,04/12/2025 17:19,F,A,Mn17CMh,PVA,PVA_2_A,10,33.33,0,1,2,44.44,2,1,1,11,0,66,-33,5,29,53.625,1,#N/A
189,D,E,,E,C,C,E,A,D,,,,,,,,80,92,04/12/2025 17:07,04/12/2025 17:16,M,A,GLKumS5,PVA,PVA_2_A,10,44.44,1,2,1,44.44,2,1,1,0,-33,33,0,5,65,58.125,3,#N/A
191,D,E,C,E,D,D,A,D,C,,,,,,,,100,13,04/12/2025 17:07,04/12/2025 17:19,F,A,6YbdNKb,PVA,PVA_2_A,10,33.33,2,1,0,44.44,2,2,0,11,33,0,0,7,14,76.75,9,#N/A
192,D,E,E,E,A,D,E,E,B,,,,,,,,65,68,04/12/2025 17:08,04/12/2025 17:19,M,A,iAKCi5n,PVA,PVA_2_A,10,55.56,2,2,1,55.56,2,2,1,0,0,0,0,8,91,98.875,3,#N/A
193,D,E,E,E,A,A,B,D,D,,,,,,,,75,20,04/12/2025 17:08,04/12/2025 17:18,M,A,mXn9gMb,PVA,PVA_2_A,10,55.56,2,2,1,100,3,3,3,44,33,33,66,8,100,100,7,#N/A
196,D,E,C,D,A,A,C,B,B,,,,,,,,95,23,04/12/2025 17:08,04/12/2025 17:15,M,A,uhgNDd7,PVA,PVA_2_A,10,22.22,1,1,0,44.44,1,2,1,22,33,0,33,5,47,55.875,2,#N/A
202,D,E,C,E,A,B,C,D,C,10,25,60,10,50,,,,,28/11/2025 13:51,28/11/2025 13:57,M,C,1Y2RPm6,PVA,PVA_3_C,15,33.33,1,1,1,55.56,2,3,0,23,66,33,-33,4,40,42.5,1,11
203,D,E,E,D,A,C,C,D,A,60,100,100,32,72,le premier niveaux,les autres niveaux,,,28/11/2025 13:52,28/11/2025 13:56,M,C,BjMKXrN,PVA,PVA_3_C,15,44.44,2,1,1,55.56,1,3,1,12,66,-33,0,5,0,50,4,14
204,D,E,E,D,E,D,D,B,C,5,1,50,1,1,le perroquet est drole,il explique pas trop bien,,,28/11/2025 13:51,28/11/2025 14:01,F,C,Cgt5tUz,PVA,PVA_3_C,15,55.56,3,2,0,33.33,1,1,1,-23,-33,-66,33,4,30,41.25,2,5
205,D,E,C,E,A,D,,A,,61,59,65,44,76,Les réponse explicite de l'assistant numérique,,,,28/11/2025 13:52,28/11/2025 14:07,F,C,v4fJJri,PVA,PVA_3_C,15,33.33,1,2,0,44.44,2,2,0,11,0,33,0,4,20,40,3,12
206,D,E,C,D,C,C,B,E,D,64,71,74,24,51,la rapidité,le manque parfois de précions,,,28/11/2025 13:53,28/11/2025 14:06,F,C,KUY6dRb,PVA,PVA_3_C,15,22.22,1,1,0,44.44,2,1,1,22,0,33,33,4,40,42.5,4,4
207,D,E,E,D,A,B,A,A,A,30,5,65,30,100,toujours gentil,il repete ce que je sais deja ,,,28/11/2025 13:51,28/11/2025 14:03,F,C,SqnnK9b,PVA,PVA_3_C,15,66.67,1,2,3,44.44,1,2,1,-23,0,0,-66,8,0,87.5,3,12
208,D,E,E,E,A,A,B,A,D,50,50,50,100,100,on voit le programme scratch a cote,,,,28/11/2025 13:52,28/11/2025 13:59,M,C,Keyt5cK,PVA,PVA_3_C,15,88.89,2,3,3,88.89,3,2,3,0,-33,33,0,8,100,100,0,0
209,D,E,E,D,D,C,B,A,D,50,75,100,50,70, oui,non,,,28/11/2025 13:52,28/11/2025 13:59,M,C,UF66dCx,PVA,PVA_3_C,15,22.22,1,1,0,55.56,2,1,2,34,0,33,66,5,0,50,2,5
210,D,E,A,D,E,D,B,E,B,79,55,60,76,38,je sais pas ,je sais pas ,,,28/11/2025 13:51,28/11/2025 14:02,F,C,VwKX5qU,PVA,PVA_3_C,15,33.33,0,2,1,33.33,2,1,0,0,-33,66,-33,5,18,52.25,1,8
211,D,E,C,D,A,B,,A,,54,67,37,44,47,,,,,28/11/2025 13:51,28/11/2025 14:03,O,C,Cg8tFjb,PVA,PVA_3_C,15,44.44,1,2,1,33.33,1,2,0,-11,0,0,-33,4,30,41.25,2,3
212,D,E,E,D,A,E,B,E,A,40,44,52,51,48,la vitesse a laquel le perroquet repond ,les explications,,,28/11/2025 13:53,28/11/2025 14:06,F,C,S8zuqdE,PVA,PVA_3_C,15,33.33,2,1,0,55.56,2,2,1,23,33,0,33,5,12,51.5,2,7
213,D,E,D,D,A,A,A,E,D,30,30,100,10,20,,"Beaucoup d'erreurs, pas assez concrètes",,,28/11/2025 13:51,28/11/2025 14:01,M,C,sRYi8Et,PVA,PVA_3_C,15,55.56,1,2,2,55.56,1,2,2,0,0,0,0,5,18,52.25,4,7
214,D,E,E,D,A,B,B,A,C,40,32,80,23,45,y'en avait plein,pas forcément très explicite,,,28/11/2025 13:52,28/11/2025 14:03,M,C,rzmHDWh,PVA,PVA_3_C,15,33.33,1,2,0,55.56,2,2,1,23,0,33,33,4,35,41.875,1,5
215,D,E,A,E,A,B,A,A,D,65,70,75,60,45,il indique où chercher se qui nous manque,le perroquet se trompe par fois,,,28/11/2025 13:51,28/11/2025 13:59,F,C,6dEpfjg,PVA,PVA_3_C,15,55.56,2,2,1,55.56,2,2,1,0,0,0,0,6,33,66.625,1,25
216,D,E,E,E,A,D,A,A,A,60,84,76,36,63,la mascotte était mignonne ,c'était trop vague des fois,,,28/11/2025 13:51,28/11/2025 14:02,F,C,9dQ8q87,PVA,PVA_3_C,15,44.44,2,1,1,55.56,2,2,1,12,33,0,0,8,0,87.5,1,10
221,D,E,E,D,C,A,A,B,C,72,77,76,57,91,l'est exercice ètait sympa a faire,la doc sur le coté n'était pas tres claire,,,28/11/2025 14:54,28/11/2025 15:06,M,C,2yudZTD,PVA,PVA_4_C,11,44.44,1,1,2,44.44,1,1,2,0,0,0,0,8,100,100,0,14
223,D,E,C,D,A,B,C,A,E,25,0,63,0,29,rien,tout,,,28/11/2025 14:54,28/11/2025 15:01,F,C,sWWsfut,PVA,PVA_4_C,11,44.44,1,2,1,33.33,1,2,0,-11,0,0,-33,5,12,51.5,5,5
225,D,E,E,E,E,A,B,B,C,76,67,67,67,67,les indications,le fait que l'imitation soit limitée,,,28/11/2025 14:55,28/11/2025 15:04,M,C,spJgH1g,PVA,PVA_4_C,11,66.67,3,2,1,66.67,3,1,2,0,-33,0,33,8,0,87.5,2,21
226,D,E,C,D,A,E,B,A,E,37,0,0,20,0,RIEN,RIEN,,,28/11/2025 14:55,28/11/2025 15:04,F,C,H37dAEL,PVA,PVA_4_C,11,22.22,0,2,0,44.44,2,2,0,22,0,66,0,5,12,51.5,2,11
227,D,E,C,D,A,C,B,B,B,30,100,85,60,100,,,,,28/11/2025 14:54,28/11/2025 15:02,M,C,SPCYvuq,PVA,PVA_4_C,11,33.33,0,2,1,44.44,2,2,0,11,0,66,-33,6,0,62.5,4,6
229,D,E,C,C,C,D,D,E,B,88,69,86,72,79,,,,,28/11/2025 14:54,28/11/2025 15:07,M,C,hZFpEL6,PVA,PVA_4_C,11,55.56,1,3,1,22.22,1,1,0,-34,-66,0,-33,5,12,51.5,5,3
230,D,E,B,E,A,C,E,A,B,69,95,26,51,100,,,,,28/11/2025 14:55,28/11/2025 15:03,M,C,6stGLrS,PVA,PVA_4_C,11,55.56,1,2,2,44.44,2,2,0,-12,0,33,-66,8,0,87.5,2,12
231,D,E,E,D,A,B,B,A,D,21,55,0,23,62,programmer,laide du peroquet,,,28/11/2025 14:55,28/11/2025 15:02,F,C,2tYzhw3,PVA,PVA_4_C,11,33.33,2,1,0,66.67,2,2,2,34,33,0,66,8,100,100,0,17
232,D,E,D,E,D,D,C,C,C,15,80,100,6,6,le jeu,le péroquet,,,28/11/2025 14:56,28/11/2025 15:07,M,C,YyiDZYk,PVA,PVA_4_C,11,22.22,0,1,1,33.33,2,1,0,11,0,66,-33,5,29,53.625,4,10
233,D,E,E,E,A,A,B,A,D,75,60,85,80,70,La qualité des conseils  et le fait de toujours pouvoir recevoir une aide ou une indication.,Parfois le conseils etaient a cote de mes attentes et donc pas tout le temp utile.,,,28/11/2025 14:55,28/11/2025 15:06,M,C,sPe8xT6,PVA,PVA_4_C,11,77.78,1,3,3,88.89,3,2,3,11,-33,66,0,8,100,100,1,8
234,D,E,E,E,C,C,B,A,A,37,45,73,43,67, ça aide,je comprend pas totalement,,,28/11/2025 14:56,28/11/2025 15:06,F,C,PptBrj7,PVA,PVA_4_C,11,22.22,1,1,0,55.56,3,1,1,34,0,66,33,8,100,100,1,18
1003,D,E,,D,A,B,C,E,C,,,,,,,,100,100,19/12/2025 11:51,19/12/2025 12:03,F,A,qCtKijh,LIP,LIP_1_A,13,56,2,1,2,33,2,1,0,-23,0,0,-22,5,76,59.5,1,#N/A
1004,D,E,E,E,A,A,B,D,D,,,,,,,,100,0,19/12/2025 11:07,19/12/2025 11:57,M,A,rCyrTR2,LIP,LIP_1_A,13,78,3,2,2,100,3,3,3,22,0,11,11,8,100,100,0,#N/A
1005,D,E,C,D,A,A,B,E,E,,,,,,,,65,100,19/12/2025 11:14,19/12/2025 12:05,NA,A,X23guFm,LIP,LIP_1_A,13,56,2,2,1,56,2,2,1,0,0,0,0,4,20,40,2,#N/A
1006,D,E,E,D,A,B,B,B,D,,,,,,,,75,60,19/12/2025 11:51,19/12/2025 12:01,NA,A,atsp3df,LIP,LIP_1_A,13,78,3,1,3,67,2,2,2,-11,-11,11,-11,8,100,100,2,#N/A
1008,D,E,E,D,D,B,E,A,D,,,,,,,,33,84,19/12/2025 11:14,19/12/2025 11:59,NA,A,PmE63Nq,LIP,LIP_1_A,13,33,1,1,1,44,1,1,2,11,0,0,11,8,100,100,0,#N/A
1009,D,E,E,E,A,A,B,B,E,,,,,,,,83,18,19/12/2025 11:06,19/12/2025 12:03,NA,A,xp59jiT,LIP,LIP_1_A,13,78,2,2,3,78,2,3,2,0,0,11,-11,8,100,100,0,#N/A
1010,D,E,E,D,,A,E,A,E,,,,,,,,100,67,19/12/2025 11:52,19/12/2025 12:03,O,A,LLefpdV,LIP,LIP_1_A,13,56,2,1,2,44,1,1,2,-12,-11,0,0,8,9,88.625,2,#N/A
1011,D,E,C,B,C,A,E,A,E,,,,,,,,67,67,19/12/2025 11:52,19/12/2025 12:03,M,A,mNACjAg,LIP,LIP_1_A,13,44,2,1,1,33,1,1,1,-11,-11,0,0,8,9,88.625,1,#N/A
1013,D,E,C,E,C,A,A,A,D,,,,,,,,60,60,19/12/2025 11:52,19/12/2025 11:59,M,A,6fHCJ6M,LIP,LIP_1_A,13,22,0,1,1,56,1,2,2,34,11,11,11,8,9,88.625,1,#N/A
1014,D,E,C,E,B,E,B,B,C,,,,,,,,49,80,19/12/2025 11:14,19/12/2025 11:58,F,A,UkjAFnx,LIP,LIP_1_A,13,33,0,2,1,44,1,3,0,11,11,11,-11,4,20,40,3,#N/A
1016,D,E,E,D,A,A,B,B,D,,,,,,,,98,30,19/12/2025 11:52,19/12/2025 12:00,M,A,3TD8KMz,LIP,LIP_1_A,13,44,2,1,1,78,2,2,3,34,0,11,22,8,100,100,0,#N/A
1017,D,E,E,D,A,C,B,A,D,,,,,,,,67,80,19/12/2025 11:51,19/12/2025 12:04,NA,A,eS82S6b,LIP,LIP_1_A,13,44,1,1,2,67,2,2,2,23,11,11,0,5,65,58.125,1,#N/A
1018,D,E,E,E,A,A,B,B,D,,,,,,,,100,0,19/12/2025 11:52,19/12/2025 12:01,M,A,F7YP8Zi,LIP,LIP_1_A,13,67,2,1,3,89,2,3,3,22,0,22,0,8,100,100,0,#N/A
1020,D,E,E,D,A,A,B,A,D,100,100,100,100,100,,,,,19/12/2025 10:21,19/12/2025 10:36,M,C,R7mj4Nf,LIP,LIP_2_B,14,67,2,1,3,78,2,2,3,11,0,11,0,8,91,98.875,0,19
1022,D,E,E,E,A,A,B,E,C,70,100,42,74,100,Le concept de l'aide de l'assistant d'IA Coco,rien,,,19/12/2025 10:21,19/12/2025 10:37,F,C,q3U5J4E,LIP,LIP_2_B,14,33,2,1,0,78,2,3,2,23,0,22,22,8,9,88.625,0,12
1024,D,E,B,D,,C,B,B,,70,85,100,75,60,il aide à donner des instructions pour donner des conseils. ,le feedback sont pas compris u peu.,,,19/12/2025 10:21,19/12/2025 10:41,F,C,XQh5rwC,LIP,LIP_2_B,14,56,1,2,2,33,1,2,0,22,0,0,-22,3,32,29,0,22
1025,D,A,E,D,A,B,A,E,D,75,63,75,100,90,il permet de nous débloquer ,des fois il ne comprend pas tout a fait ou est le problème,,,19/12/2025 10:21,19/12/2025 10:35,F,C,4yLUesW,LIP,LIP_2_B,14,44,2,1,1,44,1,1,2,-11,-11,0,11,8,100,100,4,33
1026,D,E,E,B,E,A,A,A,D,40,70,85,40,50,Les instructions claire et l'aide visual.,L'assistant AI car il etait quelque fois pas claire.,,,19/12/2025 10:21,19/12/2025 10:38,NA,C,bTNsY2t,LIP,LIP_2_B,14,56,1,1,3,56,1,1,3,-12,0,0,0,8,0,87.5,1,34
1027,D,D,E,E,C,A,B,B,D,100,100,100,100,100,j ai énormément aimé le codage ,rien c était magnifique ,,,19/12/2025 10:22,19/12/2025 10:34,M,C,2kDTTfx,LIP,LIP_2_B,14,67,2,2,2,67,0,3,3,0,-22,11,11,8,0,87.5,3,82
1028,D,A,E,D,A,A,B,A,D,90,100,49,97,100,,,,,19/12/2025 10:21,19/12/2025 10:36,M,C,haq95dd,LIP,LIP_2_B,14,56,2,1,2,67,1,2,3,11,-11,11,11,8,0,87.5,1,11
1030,D,E,E,E,D,A,B,B,D,80,80,67,67,80,j'ai aimé apprendre le codage de phytpn sous forme de jeu qui était très amusant,rien c'était super!,,,19/12/2025 10:22,19/12/2025 10:33,M,C,q5M89MW,LIP,LIP_2_B,14,78,2,2,3,78,1,3,3,0,-11,11,0,8,100,100,2,15
1031,D,E,C,E,A,A,B,E,D,24,18,16,30,22,,,,,19/12/2025 10:21,19/12/2025 10:35,NA,C,9HaDVrH,LIP,LIP_2_B,14,56,1,2,2,78,2,3,2,22,11,11,0,8,100,100,0,36
1032,D,A,D,D,A,C,B,B,D,40,69,60,30,30,Coco,mais il fait des erreurs,,,19/12/2025 10:21,19/12/2025 10:32,F,C,WRrsFif,LIP,LIP_2_B,14,33,1,1,1,44,1,2,1,11,0,11,0,8,100,100,0,87
1033,D,E,E,E,C,A,B,A,D,100,100,100,100,100,coco,niveau 6,,,19/12/2025 10:22,19/12/2025 10:36,M,C,kirL3gb,LIP,LIP_2_B,14,78,2,2,3,78,1,3,3,0,-11,11,0,8,0,87.5,0,6
1034,D,E,E,E,A,A,E,B,D,100,100,50,80,100,le faite que l'on puissse apprendre le piton en faisant un jeu,je n'en ai aucune idée,,,19/12/2025 10:21,19/12/2025 10:32,O,C,kDYF3Ny,LIP,LIP_2_B,14,67,2,2,2,78,2,2,3,11,0,0,11,8,9,88.625,1,31
1035,D,E,E,D,A,A,B,E,D,20,90,50,70,100,Il cite ce que nous avons fait et puis il donne des avis,Les avis ne sont pas très utile,,,19/12/2025 10:21,19/12/2025 10:34,M,C,LdgHdjc,LIP,LIP_2_B,14,56,2,1,2,78,2,2,3,22,0,11,11,8,100,100,0,3
1036,D,E,C,D,C,B,B,E,C,50,44,54,50,48,,,,,19/12/2025 10:21,19/12/2025 10:35,NA,C,M6UWDAU,LIP,LIP_2_B,14,33,2,0,1,33,1,2,0,0,-11,22,-11,4,10,38.75,0,24
